{"cameraMode":{"drawMode":0,"name":"Shaded","section":"Shading Mode"},"sceneLighting":true,"audioPlay":false,"sceneViewState":{"showFog":true,"showMaterialUpdate":false,"showSkybox":true,"showFlares":true,"showImageEffects":true,"showParticleSystems":true},"in2DMode":false,"pivot":{"x":7.92742919921875,"y":10.148079872131348,"z":20.05940818786621},"rotation":{"x":0.0023402736987918617,"y":-0.9834901690483093,"z":0.18079455196857453,"w":0.012661459855735302},"size":2.8578836917877199,"orthographic":false}